<content>
  <org.weceem.files.WcmContentFile>
    <id class='java.lang.Long'>7113</id>
    <aliasURI class='java.lang.String'>galleryImage42.jpg</aliasURI>
    <children class='org.hibernate.collection.PersistentSortedSet' />
    <createdBy class='java.lang.String'>sa</createdBy>
    <createdOn class='java.sql.Timestamp'>Sat Aug 06 08:25:32 2011</createdOn>
    <fileMimeType class='java.lang.String'>image/jpeg</fileMimeType>
    <fileSize class='java.lang.Long'>15404</fileSize>
    <language class='java.lang.String'>eng</language>
    <orderIndex class='java.lang.Integer'>2</orderIndex>
    <parent class='org.weceem.content.WcmFolder'>7112</parent>
    <publishFrom class='java.sql.Timestamp'>Sat Aug 06 08:25:32 2011</publishFrom>
    <status class='org.weceem.content.WcmStatus'>400</status>
    <syncStatus class='java.lang.Short'>0</syncStatus>
    <title class='java.lang.String'>galleryImage42.jpg</title>
    <validFor class='java.lang.Integer'>3600</validFor>
    <tags></tags>
  </org.weceem.files.WcmContentFile>
  <org.weceem.content.WcmTemplate>
    <id class='java.lang.Long'>7115</id>
    <aliasURI class='java.lang.String'>default-template</aliasURI>
    <changedBy class='java.lang.String'>sa</changedBy>
    <changedOn class='java.sql.Timestamp'>Sat Aug 06 08:18:43 2011</changedOn>
    <children class='org.hibernate.collection.PersistentSortedSet' />
    <content class='java.lang.String'>&lt;html&gt;
&lt;head&gt;
&lt;!-- Render the common head tags to include CSS and JS files --&gt;
&lt;wcm:widget path="widgets/common-head"/&gt;
&lt;/head&gt;
&lt;body&gt;
  &lt;div id="content-main"&gt;
  &lt;!-- Render the common header --&gt;
  &lt;wcm:widget path="widgets/header"/&gt;
  &lt;div id="byline"&gt;
    page last updated on: &lt;span&gt;&lt;g:formatDate date="${node.changedOn}" format="dd/MM/yyyy"/&gt;&lt;/span&gt;
    by: &lt;span&gt;${node.changedBy}&lt;/span&gt;
    &lt;wcm:ifUserCanEdit&gt;
      (&lt;g:link controller="wcmEditor" action="edit" id="${node.id}"&gt;edit page&lt;/g:link&gt;)
    &lt;/wcm:ifUserCanEdit&gt;
  &lt;/div&gt;

  &lt;div id="content"&gt;
    &lt;!-- Render the content of the current node --&gt;
    &lt;wcm:content/&gt;
  &lt;/div&gt;
  &lt;/div&gt;
&lt;/body&gt;
&lt;/html&gt;</content>
    <createdBy class='java.lang.String'>unknown</createdBy>
    <createdOn class='java.sql.Timestamp'>Thu Aug 27 02:23:08 2009</createdOn>
    <language class='java.lang.String'>eng</language>
    <mimeType class='java.lang.String'>text/html; charset=UTF-8</mimeType>
    <orderIndex class='java.lang.Integer'>2</orderIndex>
    <parent class='org.weceem.content.WcmFolder'>7114</parent>
    <publishFrom class='java.sql.Timestamp'>Wed Jun 23 03:42:00 2010</publishFrom>
    <status class='org.weceem.content.WcmStatus'>400</status>
    <title class='java.lang.String'>Content</title>
    <userSpecificContent class='java.lang.Boolean'>false</userSpecificContent>
    <validFor class='java.lang.Integer'>86400</validFor>
    <tags></tags>
  </org.weceem.content.WcmTemplate>
  <org.weceem.content.WcmFolder>
    <id class='java.lang.Long'>7117</id>
    <aliasURI class='java.lang.String'>js</aliasURI>
    <changedBy class='java.lang.String'>unknown</changedBy>
    <changedOn class='java.sql.Timestamp'>Tue Sep 29 11:07:04 2009</changedOn>
    <children class='org.hibernate.collection.PersistentSortedSet' />
    <createdBy class='java.lang.String'>unknown</createdBy>
    <createdOn class='java.sql.Timestamp'>Mon Sep 28 04:05:53 2009</createdOn>
    <orderIndex class='java.lang.Integer'>16</orderIndex>
    <publishFrom class='java.sql.Timestamp'>Wed Jun 23 03:42:22 2010</publishFrom>
    <status class='org.weceem.content.WcmStatus'>400</status>
    <title class='java.lang.String'>JavaScript</title>
    <validFor class='java.lang.Integer'>86400</validFor>
    <tags></tags>
  </org.weceem.content.WcmFolder>
  <org.weceem.content.WcmWidget>
    <id class='java.lang.Long'>7120</id>
    <aliasURI class='java.lang.String'>comment-submission-form</aliasURI>
    <changedBy class='java.lang.String'>unknown</changedBy>
    <changedOn class='java.sql.Timestamp'>Fri Jul 09 01:30:40 2010</changedOn>
    <children class='org.hibernate.collection.PersistentSortedSet' />
    <content class='java.lang.String'>&lt;g:hasErrors bean="${submittedContent}"&gt;
There were some errors on your submission, please check below
&lt;/g:hasErrors&gt;
&lt;wcm:submitContentForm parent="${parentContent}" type="org.weceem.content.WcmComment" success="${parentContent}"&gt;
   &lt;bean:require beanName="submittedContent" className="org.weceem.content.WcmComment"/&gt;
   &lt;bean:field beanName="submittedContent" property="author" label="Your name"/&gt;
   &lt;bean:field beanName="submittedContent" property="email"/&gt;
   &lt;bean:input beanName="submittedContent" property="websiteUrl" label="Website URL"/&gt;
   &lt;bean:input beanName="submittedContent" property="title"/&gt;
   &lt;bean:field beanName="submittedContent" property="content" label="Your comment"/&gt;
   &lt;input type="submit" class="button positive" value="Send comment"/&gt;
&lt;/wcm:submitContentForm&gt;
</content>
    <createdBy class='java.lang.String'>unknown</createdBy>
    <createdOn class='java.sql.Timestamp'>Tue Jan 19 04:05:52 2010</createdOn>
    <language class='java.lang.String'>eng</language>
    <orderIndex class='java.lang.Integer'>7</orderIndex>
    <parent class='org.weceem.content.WcmFolder'>7119</parent>
    <publishFrom class='java.sql.Timestamp'>Wed Jun 23 03:42:00 2010</publishFrom>
    <status class='org.weceem.content.WcmStatus'>400</status>
    <title class='java.lang.String'>Content submission form</title>
    <validFor class='java.lang.Integer'>86400</validFor>
    <tags></tags>
  </org.weceem.content.WcmWidget>
  <org.weceem.html.WcmHTMLContent>
    <id class='java.lang.Long'>7121</id>
    <aliasURI class='java.lang.String'>search-results</aliasURI>
    <allowGSP class='java.lang.Boolean'>true</allowGSP>
    <changedBy class='java.lang.String'>unknown</changedBy>
    <changedOn class='java.sql.Timestamp'>Fri Feb 26 04:21:03 2010</changedOn>
    <children class='org.hibernate.collection.PersistentSortedSet' />
    <content class='java.lang.String'>&lt;p&gt;Your search for &amp;quot;${params.query.encodeAsHTML()}&amp;quot; returned ${searchResults.total} results:&lt;/p&gt;
&lt;g:each in="${searchResults.results}" var="r"&gt;
&lt;wcm:ifUserCanView node="${r}"&gt;
&lt;div class="searchResult"&gt;&lt;wcm:link path="${r.absoluteURI}"&gt;${r.title.encodeAsHTML()}&lt;/wcm:link&gt; (Space: ${r.space.name.encodeAsHTML()})&lt;br /&gt;
&lt;wcm:summarize encodeAs="HTML"&gt;${r.contentAsText}&lt;/wcm:summarize&gt;&lt;/div&gt;
&lt;/wcm:ifUserCanView&gt;
&lt;/g:each&gt;</content>
    <createdBy class='java.lang.String'>unknown</createdBy>
    <createdOn class='java.sql.Timestamp'>Fri Feb 05 05:02:07 2010</createdOn>
    <orderIndex class='java.lang.Integer'>0</orderIndex>
    <parent class='org.weceem.content.WcmFolder'>7118</parent>
    <publishFrom class='java.sql.Timestamp'>Wed Jun 23 03:42:23 2010</publishFrom>
    <status class='org.weceem.content.WcmStatus'>400</status>
    <template class='org.weceem.content.WcmTemplate'>7115</template>
    <title class='java.lang.String'>Search Results</title>
    <validFor class='java.lang.Integer'>86400</validFor>
    <tags></tags>
  </org.weceem.html.WcmHTMLContent>
  <org.weceem.html.WcmHTMLContent>
    <id class='java.lang.Long'>7122</id>
    <aliasURI class='java.lang.String'>archive-results</aliasURI>
    <allowGSP class='java.lang.Boolean'>true</allowGSP>
    <changedBy class='java.lang.String'>unknown</changedBy>
    <changedOn class='java.sql.Timestamp'>Mon Feb 15 02:41:38 2010</changedOn>
    <children class='org.hibernate.collection.PersistentSortedSet' />
    <content class='java.lang.String'>&lt;p&gt;Archive for ${day} ${wcm.monthName(value:month)} ${year}:&lt;/p&gt;
&lt;g:each in="${archiveEntries}" var="r"&gt;
&lt;div class="searchResult"&gt;&lt;wcm:link path="${r.absoluteURI}"&gt;${r.title.encodeAsHTML()}&lt;/wcm:link&gt;&lt;br /&gt;
&lt;wcm:content node="${r}"/&gt;&lt;/div&gt;
&lt;/g:each&gt;</content>
    <createdBy class='java.lang.String'>unknown</createdBy>
    <createdOn class='java.sql.Timestamp'>Fri Feb 05 05:11:15 2010</createdOn>
    <orderIndex class='java.lang.Integer'>1</orderIndex>
    <parent class='org.weceem.content.WcmFolder'>7118</parent>
    <publishFrom class='java.sql.Timestamp'>Wed Jun 23 03:42:23 2010</publishFrom>
    <status class='org.weceem.content.WcmStatus'>400</status>
    <template class='org.weceem.content.WcmTemplate'>7115</template>
    <title class='java.lang.String'>Archive Results</title>
    <validFor class='java.lang.Integer'>86400</validFor>
    <tags></tags>
  </org.weceem.html.WcmHTMLContent>
  <org.weceem.script.WcmScript>
    <id class='java.lang.Long'>7124</id>
    <aliasURI class='java.lang.String'>mail</aliasURI>
    <changedBy class='java.lang.String'>unknown</changedBy>
    <changedOn class='java.sql.Timestamp'>Fri Jun 25 04:40:51 2010</changedOn>
    <children class='org.hibernate.collection.PersistentSortedSet' />
    <content class='java.lang.String'>/**
 * Script to send email using the grails-mail plugin
 * Expects request params:
 *    senderAddress - email address of sender
 *    message - email body
 */
// @todo we need args from Action nodes to parameterize this
// safely (can't use params due to injection/spam risk)
def args = [
	recipients:'admin@yourserver.com',
	subject:'Message from website visitor'
]

try {
	sendMail {
		to args.recipients
		if (args.ccRecipients) {
			cc args.ccRecipients
		}
		subject args.subject
	
		from params.senderAddress
		body params.message
	}
	redirect(uri:params.success)
} catch (Exception e) {
	log.error "Can't send mail", e
	redirect(uri:params.error)
}
</content>
    <createdBy class='java.lang.String'>admin</createdBy>
    <createdOn class='java.sql.Timestamp'>Wed Jun 23 05:43:26 2010</createdOn>
    <description class='java.lang.String'>Sends an email to a recipient</description>
    <orderIndex class='java.lang.Integer'>2</orderIndex>
    <parent class='org.weceem.content.WcmFolder'>7123</parent>
    <publishFrom class='java.sql.Timestamp'>Wed Jun 23 05:37:00 2010</publishFrom>
    <status class='org.weceem.content.WcmStatus'>400</status>
    <title class='java.lang.String'>Send e-mail</title>
    <validFor class='java.lang.Integer'>86400</validFor>
    <tags></tags>
  </org.weceem.script.WcmScript>
  <org.weceem.script.WcmAction>
    <id class='java.lang.Long'>7125</id>
    <aliasURI class='java.lang.String'>contact-form</aliasURI>
    <allowedMethods class='java.lang.String'>POST</allowedMethods>
    <changedBy class='java.lang.String'>admin</changedBy>
    <changedOn class='java.sql.Timestamp'>Wed Jun 23 05:54:11 2010</changedOn>
    <children class='org.hibernate.collection.PersistentSortedSet' />
    <contentDependencies class='java.lang.String'>scripts/mail</contentDependencies>
    <createdBy class='java.lang.String'>admin</createdBy>
    <createdOn class='java.sql.Timestamp'>Wed Jun 23 05:46:24 2010</createdOn>
    <description class='java.lang.String'>Take senderEmail and message params and post to server admin</description>
    <orderIndex class='java.lang.Integer'>3</orderIndex>
    <parent class='org.weceem.content.WcmFolder'>7123</parent>
    <publishFrom class='java.sql.Timestamp'>Wed Jun 23 05:45:00 2010</publishFrom>
    <script class='org.weceem.script.WcmScript'>7124</script>
    <status class='org.weceem.content.WcmStatus'>400</status>
    <title class='java.lang.String'>Contact form</title>
    <validFor class='java.lang.Integer'>86400</validFor>
    <tags></tags>
  </org.weceem.script.WcmAction>
  <org.weceem.content.WcmFolder>
    <id class='java.lang.Long'>7112</id>
    <aliasURI class='java.lang.String'>Image</aliasURI>
    <changedBy class='java.lang.String'>unknown</changedBy>
    <changedOn class='java.sql.Timestamp'>Tue Aug 09 10:12:59 2011</changedOn>
    <children class='org.hibernate.collection.PersistentSortedSet'>
      <org.weceem.files.WcmContentFile>7136</org.weceem.files.WcmContentFile>
      <org.weceem.files.WcmContentFile>7113</org.weceem.files.WcmContentFile>
    </children>
    <createdBy class='java.lang.String'>sa</createdBy>
    <createdOn class='java.sql.Timestamp'>Sat Aug 06 01:51:20 2011</createdOn>
    <language class='java.lang.String'>eng</language>
    <orderIndex class='java.lang.Integer'>24</orderIndex>
    <publishFrom class='java.sql.Timestamp'>Sat Aug 06 01:51:00 2011</publishFrom>
    <status class='org.weceem.content.WcmStatus'>400</status>
    <title class='java.lang.String'>Image</title>
    <validFor class='java.lang.Integer'>3600</validFor>
    <tags></tags>
  </org.weceem.content.WcmFolder>
  <org.weceem.content.WcmFolder>
    <id class='java.lang.Long'>7114</id>
    <aliasURI class='java.lang.String'>templates</aliasURI>
    <changedBy class='java.lang.String'>unknown</changedBy>
    <changedOn class='java.sql.Timestamp'>Tue Aug 09 10:12:59 2011</changedOn>
    <children class='org.hibernate.collection.PersistentSortedSet'>
      <org.weceem.content.WcmTemplate>7115</org.weceem.content.WcmTemplate>
      <org.weceem.content.WcmTemplate>7137</org.weceem.content.WcmTemplate>
      <org.weceem.content.WcmTemplate>7133</org.weceem.content.WcmTemplate>
    </children>
    <createdBy class='java.lang.String'>unknown</createdBy>
    <createdOn class='java.sql.Timestamp'>Wed Sep 16 12:19:34 2009</createdOn>
    <orderIndex class='java.lang.Integer'>13</orderIndex>
    <publishFrom class='java.sql.Timestamp'>Wed Jun 23 03:42:22 2010</publishFrom>
    <status class='org.weceem.content.WcmStatus'>400</status>
    <title class='java.lang.String'>Templates</title>
    <validFor class='java.lang.Integer'>86400</validFor>
    <tags></tags>
  </org.weceem.content.WcmFolder>
  <org.weceem.content.WcmFolder>
    <id class='java.lang.Long'>7118</id>
    <aliasURI class='java.lang.String'>views</aliasURI>
    <changedBy class='java.lang.String'>unknown</changedBy>
    <changedOn class='java.sql.Timestamp'>Tue Aug 09 10:12:59 2011</changedOn>
    <children class='org.hibernate.collection.PersistentSortedSet'>
      <org.weceem.html.WcmHTMLContent>7121</org.weceem.html.WcmHTMLContent>
      <org.weceem.html.WcmHTMLContent>7122</org.weceem.html.WcmHTMLContent>
    </children>
    <createdBy class='java.lang.String'>unknown</createdBy>
    <createdOn class='java.sql.Timestamp'>Fri Feb 05 05:01:30 2010</createdOn>
    <orderIndex class='java.lang.Integer'>21</orderIndex>
    <publishFrom class='java.sql.Timestamp'>Wed Jun 23 03:42:23 2010</publishFrom>
    <status class='org.weceem.content.WcmStatus'>400</status>
    <title class='java.lang.String'>Views</title>
    <validFor class='java.lang.Integer'>86400</validFor>
    <tags></tags>
  </org.weceem.content.WcmFolder>
  <org.weceem.html.WcmHTMLContent>
    <id class='java.lang.Long'>7128</id>
    <aliasURI class='java.lang.String'>About</aliasURI>
    <allowGSP class='java.lang.Boolean'>false</allowGSP>
    <children class='org.hibernate.collection.PersistentSortedSet' />
    <content class='java.lang.String'>&lt;h1&gt;
	About STBGFC&lt;/h1&gt;
&lt;p&gt;
	Founded in 1980, blah blah blah...&lt;/p&gt;
&lt;p&gt;
	&amp;nbsp;&lt;/p&gt;
</content>
    <createdBy class='java.lang.String'>unknown</createdBy>
    <createdOn class='java.sql.Timestamp'>Tue Aug 02 06:16:47 2011</createdOn>
    <language class='java.lang.String'>eng</language>
    <orderIndex class='java.lang.Integer'>0</orderIndex>
    <parent class='org.weceem.css.WcmStyleSheet'>7127</parent>
    <status class='org.weceem.content.WcmStatus'>100</status>
    <title class='java.lang.String'>About</title>
    <validFor class='java.lang.Integer'>3600</validFor>
    <tags></tags>
  </org.weceem.html.WcmHTMLContent>
  <org.weceem.files.WcmContentDirectory>
    <id class='java.lang.Long'>7129</id>
    <aliasURI class='java.lang.String'>Image</aliasURI>
    <changedBy class='java.lang.String'>sa</changedBy>
    <changedOn class='java.sql.Timestamp'>Fri Aug 05 09:16:54 2011</changedOn>
    <children class='org.hibernate.collection.PersistentSortedSet' />
    <createdBy class='java.lang.String'>unknown</createdBy>
    <createdOn class='java.sql.Timestamp'>Mon Sep 28 04:09:06 2009</createdOn>
    <fileSize class='java.lang.Long'>0</fileSize>
    <filesCount class='java.lang.Integer'>21</filesCount>
    <orderIndex class='java.lang.Integer'>10</orderIndex>
    <publishFrom class='java.sql.Timestamp'>Wed Jun 23 03:42:22 2010</publishFrom>
    <status class='org.weceem.content.WcmStatus'>400</status>
    <syncStatus class='java.lang.Short'>0</syncStatus>
    <title class='java.lang.String'>Image</title>
    <validFor class='java.lang.Integer'>86400</validFor>
    <tags></tags>
  </org.weceem.files.WcmContentDirectory>
  <org.weceem.files.WcmContentDirectory>
    <id class='java.lang.Long'>7130</id>
    <aliasURI class='java.lang.String'>resources</aliasURI>
    <changedBy class='java.lang.String'>sa</changedBy>
    <changedOn class='java.sql.Timestamp'>Sat Aug 06 01:51:49 2011</changedOn>
    <children class='org.hibernate.collection.PersistentSortedSet' />
    <createdBy class='java.lang.String'>unknown</createdBy>
    <createdOn class='java.sql.Timestamp'>Mon Jan 04 04:17:05 2010</createdOn>
    <fileSize class='java.lang.Long'>0</fileSize>
    <filesCount class='java.lang.Integer'>0</filesCount>
    <orderIndex class='java.lang.Integer'>18</orderIndex>
    <publishFrom class='java.sql.Timestamp'>Wed Jun 23 03:42:22 2010</publishFrom>
    <status class='org.weceem.content.WcmStatus'>400</status>
    <syncStatus class='java.lang.Short'>0</syncStatus>
    <title class='java.lang.String'>resources</title>
    <validFor class='java.lang.Integer'>86400</validFor>
    <tags></tags>
  </org.weceem.files.WcmContentDirectory>
  <org.weceem.content.WcmWidget>
    <id class='java.lang.Long'>7135</id>
    <aliasURI class='java.lang.String'>footy-teamlist</aliasURI>
    <changedBy class='java.lang.String'>sa</changedBy>
    <changedOn class='java.sql.Timestamp'>Sat Aug 06 01:19:28 2011</changedOn>
    <children class='org.hibernate.collection.PersistentSortedSet' />
    <content class='java.lang.String'>&lt;%@ page import="org.davisononline.footy.core.*" %&gt;
          &lt;div class="newsbox"&gt;
              &lt;h2&gt;${Club.homeClub.name} Team List&lt;/h2&gt;
              &lt;ul&gt;
                  &lt;g:set var="allTeams" value="${Team.findAllByClub(Club.homeClub, [sort:'ageBand', order:'asc'])}"/&gt;
                  
                  &lt;g:each in="${(6..18)}" var="age"&gt;
                  &lt;li&gt;U${age} ::
                  &lt;g:each in="${allTeams.grep{it.ageBand==age}.sort{a,b-&gt; a.division.compareTo(b.division)}}" var="team"&gt;
                      &lt;g:link
                              title="Manager: ${team.manager}"
                              controller="team" action="show"
                              params="${[ageBand:team.ageBand, teamName:team.name]}"&gt;${team.name}&lt;/g:link&gt;
                  &lt;/g:each&gt;
                  &lt;/li&gt;
                  &lt;/g:each&gt;
                  &lt;%--
                  &lt;li&gt;Other ::
                  &lt;g:each in="${allTeams.grep{it.ageBand&gt;18}}" var="team"&gt;
                      &lt;g:link
                              title="Manager: ${team.manager}"
                              controller="team" action="show"
                              params="${[ageBand:team.ageBand, teamName:team.name]}"&gt;${team.name}&lt;/g:link&gt;
                  &lt;/g:each&gt;
                  &lt;/li&gt;
                  --%&gt;
                &lt;li&gt;Tot :: &lt;strong&gt;${allTeams.size()} teams, ${Player.count()} players&lt;/strong&gt;&lt;/li&gt;
              &lt;/ul&gt;
          &lt;/div&gt;
                    </content>
    <createdBy class='java.lang.String'>sa</createdBy>
    <createdOn class='java.sql.Timestamp'>Sat Aug 06 01:10:27 2011</createdOn>
    <language class='java.lang.String'>eng</language>
    <orderIndex class='java.lang.Integer'>8</orderIndex>
    <parent class='org.weceem.content.WcmFolder'>7119</parent>
    <publishFrom class='java.sql.Timestamp'>Sat Aug 06 01:10:00 2011</publishFrom>
    <status class='org.weceem.content.WcmStatus'>400</status>
    <title class='java.lang.String'>footy-teamlist</title>
    <validFor class='java.lang.Integer'>604800</validFor>
    <tags></tags>
  </org.weceem.content.WcmWidget>
  <org.weceem.files.WcmContentFile>
    <id class='java.lang.Long'>7136</id>
    <aliasURI class='java.lang.String'>pageImage1.jpg</aliasURI>
    <children class='org.hibernate.collection.PersistentSortedSet' />
    <createdBy class='java.lang.String'>sa</createdBy>
    <createdOn class='java.sql.Timestamp'>Sat Aug 06 01:52:38 2011</createdOn>
    <fileMimeType class='java.lang.String'>image/jpeg</fileMimeType>
    <fileSize class='java.lang.Long'>15666</fileSize>
    <language class='java.lang.String'>eng</language>
    <orderIndex class='java.lang.Integer'>1</orderIndex>
    <parent class='org.weceem.content.WcmFolder'>7112</parent>
    <publishFrom class='java.sql.Timestamp'>Sat Aug 06 01:52:38 2011</publishFrom>
    <status class='org.weceem.content.WcmStatus'>400</status>
    <syncStatus class='java.lang.Short'>0</syncStatus>
    <title class='java.lang.String'>30-anniversary</title>
    <validFor class='java.lang.Integer'>3600</validFor>
    <tags></tags>
  </org.weceem.files.WcmContentFile>
  <org.weceem.content.WcmTemplate>
    <id class='java.lang.Long'>7137</id>
    <aliasURI class='java.lang.String'>default-blog-template</aliasURI>
    <changedBy class='java.lang.String'>unknown</changedBy>
    <changedOn class='java.sql.Timestamp'>Thu Nov 18 12:48:26 2010</changedOn>
    <children class='org.hibernate.collection.PersistentSortedSet' />
    <content class='java.lang.String'>&lt;html&gt;
&lt;head&gt;
&lt;wcm:widget path="widgets/common-head"/&gt;
&lt;wcm:ifContentIs type="org.weceem.blog.WcmBlog"&gt;  
  &lt;wcm:feedLink type="rss" path="${node.absoluteURI}"/&gt;  
  &lt;wcm:feedLink type="atom" path="${node.absoluteURI}"/&gt;  
&lt;/wcm:ifContentIs&gt;
&lt;/head&gt;
&lt;body&gt;
	
	&lt;!-- Include the standard page header --&gt;
	&lt;wcm:widget path="widgets/header"/&gt;

		&lt;div class="container prepend-top"&gt;
	
		&lt;div class="span-24 last" id="content"&gt;

	&lt;b&gt;Note: To create or edit blog entries, log in to the &lt;g:link controller="wcmRepository"&gt;content repository&lt;/g:link&gt;.&lt;/b&gt;
	
		&lt;!-- If the template is on a Blog node, render list of articles --&gt;
		&lt;wcm:ifContentIs type="org.weceem.blog.WcmBlog"&gt;
			&lt;wcm:eachChild type="org.weceem.blog.WcmBlogEntry" var="child" max="${node.maxEntriesToDisplay}" sort="publishFrom" order="desc"&gt;
				&lt;!-- Render the BlogEntry using the widget --&gt;
				&lt;div class="blog-entry"&gt;
					&lt;h1 class="loud"&gt;&lt;wcm:link node="${child}"&gt;${child.title.encodeAsHTML()}&lt;/wcm:link&gt;&lt;/h1&gt;
					&lt;wcm:widget model="[node:child]" path="widgets/blog-entry-widget"/&gt;
				&lt;/div&gt;
			&lt;/wcm:eachChild&gt;
			&lt;div id="blogArchiveList"&gt;
			   &lt;h2&gt;Archive&lt;/h2&gt;
			   &lt;ul&gt;
			      &lt;wcm:archiveList path="${node}"&gt;
			          &lt;li&gt;&lt;a href="${link}"&gt;${wcm.monthName(value:month).encodeAsHTML()} ${year}&lt;/a&gt;&lt;/li&gt;
			      &lt;/wcm:archiveList&gt;
			   &lt;/ul&gt;
			&lt;/div&gt;
		&lt;/wcm:ifContentIs&gt;

		&lt;!-- If the template is on a BlogEntry node, render just this article --&gt;
		&lt;wcm:ifContentIs type="org.weceem.blog.WcmBlogEntry"&gt;
			&lt;!-- Render the BlogEntry using the widget --&gt;
			&lt;div class="blog-entry"&gt;
				&lt;wcm:widget model="[node:node]" path="widgets/blog-entry-widget"/&gt;
			&lt;/div&gt;
			&lt;wcm:ifUserCanEdit&gt;
				&lt;g:link controller="wcmEditor" action="edit" id="${node.id}"&gt;Edit&lt;/g:link&gt;		
			&lt;/wcm:ifUserCanEdit&gt;
			&lt;h3&gt;Comments&lt;/h3&gt;
			&lt;g:set var="hasComments" value="${false}"/&gt;
			&lt;wcm:eachComment&gt;
	                    &lt;g:set var="hasComments" value="${true}"/&gt;
			    &lt;h4&gt;${comment.title.encodeAsHTML()}&lt;/h4&gt; by ${comment.author.encodeAsHTML()} on ${comment.createdOn}
			    &lt;p&gt;${comment.content.encodeAsHTML()}&lt;/p&gt;
			&lt;/wcm:eachComment&gt;
			&lt;g:if test="${!hasComments}"&gt;There are no comments yet.&lt;/g:if&gt;
			&lt;h3&gt;Submit a comment&lt;/h3&gt;
			&lt;wcm:uiMessage&gt;&lt;p&gt;&lt;g:message code="${message}" encodeAs="HTML"/&gt;&lt;/p&gt;&lt;/wcm:uiMessage&gt;
			&lt;wcm:widget path="widgets/comment-submission-form" model="[parentContent:node]"/&gt;
		&lt;/wcm:ifContentIs&gt;
		&lt;/div&gt;
		&lt;/div&gt;
	&lt;!-- Render the common footer --&gt;
	&lt;wcm:widget path="widgets/footer"/&gt;
&lt;/body&gt;
&lt;/html&gt;</content>
    <createdBy class='java.lang.String'>unknown</createdBy>
    <createdOn class='java.sql.Timestamp'>Thu Aug 27 02:27:45 2009</createdOn>
    <language class='java.lang.String'>eng</language>
    <mimeType class='java.lang.String'>text/html; charset=UTF-8</mimeType>
    <orderIndex class='java.lang.Integer'>3</orderIndex>
    <parent class='org.weceem.content.WcmFolder'>7114</parent>
    <publishFrom class='java.sql.Timestamp'>Wed Jun 23 03:42:00 2010</publishFrom>
    <status class='org.weceem.content.WcmStatus'>400</status>
    <title class='java.lang.String'>Default blog template</title>
    <validFor class='java.lang.Integer'>86400</validFor>
    <tags></tags>
  </org.weceem.content.WcmTemplate>
  <org.weceem.content.WcmTemplate>
    <id class='java.lang.Long'>7133</id>
    <aliasURI class='java.lang.String'>Index-Page</aliasURI>
    <changedBy class='java.lang.String'>sa</changedBy>
    <changedOn class='java.sql.Timestamp'>Fri Aug 12 06:57:36 2011</changedOn>
    <children class='org.hibernate.collection.PersistentSortedSet' />
    <content class='java.lang.String'>&lt;html&gt;
&lt;head&gt;
&lt;!-- Render the common head tags to include CSS and JS files --&gt;
&lt;wcm:widget path="widgets/common-head"/&gt;
&lt;/head&gt;
&lt;body&gt;
  
  &lt;!-- Render the common header --&gt;
  &lt;wcm:widget path="widgets/header"/&gt;

  &lt;div id="content"&gt;
    &lt;!-- Render the content of the current node --&gt;
    &lt;wcm:content/&gt;
  &lt;/div&gt;
  
&lt;/body&gt;
&lt;/html&gt;</content>
    <createdBy class='java.lang.String'>sa</createdBy>
    <createdOn class='java.sql.Timestamp'>Sat Aug 06 01:26:20 2011</createdOn>
    <language class='java.lang.String'>eng</language>
    <mimeType class='java.lang.String'>text/html; charset=UTF-8</mimeType>
    <orderIndex class='java.lang.Integer'>4</orderIndex>
    <parent class='org.weceem.content.WcmFolder'>7114</parent>
    <publishFrom class='java.sql.Timestamp'>Sat Aug 06 01:26:00 2011</publishFrom>
    <status class='org.weceem.content.WcmStatus'>400</status>
    <title class='java.lang.String'>Index Page</title>
    <userSpecificContent class='java.lang.Boolean'>true</userSpecificContent>
    <validFor class='java.lang.Integer'>3600</validFor>
    <tags></tags>
  </org.weceem.content.WcmTemplate>
  <org.weceem.content.WcmWidget>
    <id class='java.lang.Long'>7139</id>
    <aliasURI class='java.lang.String'>blog-entry-widget</aliasURI>
    <changedBy class='java.lang.String'>unknown</changedBy>
    <changedOn class='java.sql.Timestamp'>Tue Aug 03 11:52:22 2010</changedOn>
    <children class='org.hibernate.collection.PersistentSortedSet' />
    <content class='java.lang.String'>&lt;div class="blog-entry-date"&gt;&lt;g:formatDate date="${node.publishFrom}" format="dd MMM yyyy 'at' hh:mm"/&gt;&lt;/div&gt;
&lt;div class="blog-entry-content"&gt;
${node.content}
&lt;/div&gt;
&lt;div class="blog-entry-post-info"&gt;
	&lt;span class="quiet"&gt;&lt;wcm:countChildren node="${node}" type="org.weceem.content.WcmComment"/&gt; Comments&lt;/span&gt;
&lt;/div&gt;
&lt;div class="blog-entry-post-info"&gt;
	&lt;span class="quiet"&gt;Tags:
	&lt;wcm:join in="${node.tags}" delimiter=", " var="tag"&gt;
		&lt;wcm:searchLink mode='tag' query="${tag}"&gt;${tag.encodeAsHTML()}&lt;/wcm:searchLink&gt;
	&lt;/wcm:join&gt;
	&lt;/span&gt;
&lt;/div&gt;</content>
    <createdBy class='java.lang.String'>unknown</createdBy>
    <createdOn class='java.sql.Timestamp'>Thu Aug 27 02:34:11 2009</createdOn>
    <language class='java.lang.String'>eng</language>
    <orderIndex class='java.lang.Integer'>1</orderIndex>
    <parent class='org.weceem.content.WcmFolder'>7119</parent>
    <publishFrom class='java.sql.Timestamp'>Wed Jun 23 03:42:00 2010</publishFrom>
    <status class='org.weceem.content.WcmStatus'>400</status>
    <title class='java.lang.String'>Blog entry widget</title>
    <validFor class='java.lang.Integer'>86400</validFor>
    <tags></tags>
  </org.weceem.content.WcmWidget>
  <org.weceem.blog.WcmBlogEntry>
    <id class='java.lang.Long'>7140</id>
    <aliasURI class='java.lang.String'>My-first-post</aliasURI>
    <changedBy class='java.lang.String'>unknown</changedBy>
    <changedOn class='java.sql.Timestamp'>Mon Mar 28 12:54:09 2011</changedOn>
    <children class='org.hibernate.collection.PersistentSortedSet' />
    <content class='java.lang.String'>&lt;p&gt;Welcome to Weceem Blogs. You can create as many blogs as you like, with support for tags, feeds and comments.&lt;/p&gt;
&lt;p&gt;Lorem ipsum dolor sit amet, consectetur adipiscing elit. Duis tellus lacus, malesuada sit amet tincidunt sed, sagittis at enim. Duis sed lectus odio, eu volutpat nisi. Donec ut quam tortor, in suscipit lectus. Phasellus nisl massa, congue et porttitor ac, vestibulum vitae lorem. Nulla bibendum est quis dolor accumsan sed tempor risus convallis. Maecenas ut dapibus sem. In laoreet, elit sit amet sagittis pulvinar, massa nunc mollis ipsum, nec mattis massa libero eu neque. Vivamus id felis sem, in dapibus velit. Vestibulum nunc dui, tempus faucibus ultrices vel, bibendum eget nisi. Aenean mollis, ipsum a aliquet gravida, est ante scelerisque nisl, at iaculis erat metus vel lectus. Aliquam congue, neque ut elementum gravida, nisl magna feugiat tortor, at hendrerit justo est ac nisi.&lt;/p&gt;
&lt;p&gt;In hac habitasse platea dictumst. Mauris ac nulla ipsum. Donec tempor purus eu erat vehicula quis laoreet erat venenatis. Nullam lacinia vulputate purus in commodo. Cras tortor enim, tempus eget eleifend nec, ullamcorper eu diam. Donec pellentesque gravida magna, vel suscipit lacus posuere id. Vivamus eu congue est. Phasellus eleifend pharetra mauris, ac feugiat mi dictum a. Vivamus varius consequat consectetur. Pellentesque tellus nulla, porta a interdum in, euismod id nisi. Quisque condimentum, odio eu fermentum blandit, metus ante sodales nisi, a pulvinar lorem purus nec justo. Maecenas urna dolor, porta eget fermentum ut, posuere at risus. Nam vitae mauris sit amet nulla ultrices ultricies. Integer eu diam sit amet sem porttitor aliquam vel sodales magna. Morbi imperdiet gravida orci sed bibendum. Praesent a dolor at elit lobortis volutpat ut in urna. Quisque purus diam, euismod a pellentesque eget, tincidunt quis urna. In tempus, leo a varius pulvinar, leo magna suscipit diam, id pharetra diam mi ac tortor. Nam laoreet pretium lacus, at convallis purus varius vitae. Maecenas diam tortor, cursus ornare sodales sit amet, mollis quis lacus.&lt;/p&gt;</content>
    <createdBy class='java.lang.String'>unknown</createdBy>
    <createdOn class='java.sql.Timestamp'>Mon Sep 07 04:29:05 2009</createdOn>
    <keywords class='java.lang.String'></keywords>
    <language class='java.lang.String'>eng</language>
    <orderIndex class='java.lang.Integer'>0</orderIndex>
    <parent class='org.weceem.blog.WcmBlog'>7138</parent>
    <publishFrom class='java.sql.Timestamp'>Wed Jun 23 03:42:00 2010</publishFrom>
    <status class='org.weceem.content.WcmStatus'>400</status>
    <title class='java.lang.String'>My first post</title>
    <validFor class='java.lang.Integer'>86400</validFor>
    <tags>news,pr</tags>
  </org.weceem.blog.WcmBlogEntry>
  <org.weceem.content.WcmFolder>
    <id class='java.lang.Long'>7119</id>
    <aliasURI class='java.lang.String'>widgets</aliasURI>
    <changedBy class='java.lang.String'>unknown</changedBy>
    <changedOn class='java.sql.Timestamp'>Tue Aug 09 10:12:59 2011</changedOn>
    <children class='org.hibernate.collection.PersistentSortedSet'>
      <org.weceem.content.WcmWidget>7139</org.weceem.content.WcmWidget>
      <org.weceem.content.WcmWidget>7145</org.weceem.content.WcmWidget>
      <org.weceem.content.WcmWidget>7131</org.weceem.content.WcmWidget>
      <org.weceem.content.WcmWidget>7120</org.weceem.content.WcmWidget>
      <org.weceem.content.WcmWidget>7135</org.weceem.content.WcmWidget>
    </children>
    <createdBy class='java.lang.String'>unknown</createdBy>
    <createdOn class='java.sql.Timestamp'>Wed Sep 16 12:17:53 2009</createdOn>
    <orderIndex class='java.lang.Integer'>12</orderIndex>
    <publishFrom class='java.sql.Timestamp'>Wed Jun 23 03:42:22 2010</publishFrom>
    <status class='org.weceem.content.WcmStatus'>400</status>
    <title class='java.lang.String'>Widgets</title>
    <validFor class='java.lang.Integer'>86400</validFor>
    <tags></tags>
  </org.weceem.content.WcmFolder>
  <org.weceem.content.WcmFolder>
    <id class='java.lang.Long'>7123</id>
    <aliasURI class='java.lang.String'>scripts</aliasURI>
    <changedBy class='java.lang.String'>unknown</changedBy>
    <changedOn class='java.sql.Timestamp'>Tue Aug 09 10:12:59 2011</changedOn>
    <children class='org.hibernate.collection.PersistentSortedSet'>
      <org.weceem.script.WcmScript>7124</org.weceem.script.WcmScript>
      <org.weceem.script.WcmAction>7125</org.weceem.script.WcmAction>
    </children>
    <createdBy class='java.lang.String'>unknown</createdBy>
    <createdOn class='java.sql.Timestamp'>Fri Feb 05 05:03:12 2010</createdOn>
    <orderIndex class='java.lang.Integer'>22</orderIndex>
    <publishFrom class='java.sql.Timestamp'>Wed Jun 23 03:42:23 2010</publishFrom>
    <status class='org.weceem.content.WcmStatus'>400</status>
    <title class='java.lang.String'>Scripts</title>
    <validFor class='java.lang.Integer'>86400</validFor>
    <tags></tags>
  </org.weceem.content.WcmFolder>
  <org.weceem.content.WcmFolder>
    <id class='java.lang.Long'>7126</id>
    <aliasURI class='java.lang.String'>css</aliasURI>
    <changedBy class='java.lang.String'>unknown</changedBy>
    <changedOn class='java.sql.Timestamp'>Tue Aug 09 10:12:59 2011</changedOn>
    <children class='org.hibernate.collection.PersistentSortedSet'>
      <org.weceem.css.WcmStyleSheet>7127</org.weceem.css.WcmStyleSheet>
    </children>
    <createdBy class='java.lang.String'>unknown</createdBy>
    <createdOn class='java.sql.Timestamp'>Tue Sep 22 11:19:36 2009</createdOn>
    <orderIndex class='java.lang.Integer'>14</orderIndex>
    <publishFrom class='java.sql.Timestamp'>Wed Jun 23 03:42:22 2010</publishFrom>
    <status class='org.weceem.content.WcmStatus'>400</status>
    <title class='java.lang.String'>Stylesheets</title>
    <validFor class='java.lang.Integer'>86400</validFor>
    <tags></tags>
  </org.weceem.content.WcmFolder>
  <org.weceem.blog.WcmBlog>
    <id class='java.lang.Long'>7138</id>
    <aliasURI class='java.lang.String'>blog</aliasURI>
    <changedBy class='java.lang.String'>unknown</changedBy>
    <changedOn class='java.sql.Timestamp'>Tue Aug 09 10:12:59 2011</changedOn>
    <children class='org.hibernate.collection.PersistentSortedSet'>
      <org.weceem.blog.WcmBlogEntry>7140</org.weceem.blog.WcmBlogEntry>
    </children>
    <commentMarkup class='java.lang.String'></commentMarkup>
    <createdBy class='java.lang.String'>unknown</createdBy>
    <createdOn class='java.sql.Timestamp'>Mon Sep 07 04:28:02 2009</createdOn>
    <maxEntriesToDisplay class='java.lang.Integer'>5</maxEntriesToDisplay>
    <orderIndex class='java.lang.Integer'>11</orderIndex>
    <publishFrom class='java.sql.Timestamp'>Wed Jun 23 03:42:22 2010</publishFrom>
    <status class='org.weceem.content.WcmStatus'>400</status>
    <template class='org.weceem.content.WcmTemplate'>7137</template>
    <title class='java.lang.String'>Our first Weceem Blog</title>
    <validFor class='java.lang.Integer'>86400</validFor>
    <tags></tags>
  </org.weceem.blog.WcmBlog>
  <org.weceem.css.WcmStyleSheet>
    <id class='java.lang.Long'>7127</id>
    <aliasURI class='java.lang.String'>default.css</aliasURI>
    <changedBy class='java.lang.String'>darrendavison</changedBy>
    <changedOn class='java.sql.Timestamp'>Sun Aug 14 05:52:12 2011</changedOn>
    <children class='org.hibernate.collection.PersistentSortedSet'>
      <org.weceem.html.WcmHTMLContent>7128</org.weceem.html.WcmHTMLContent>
    </children>
    <content class='java.lang.String'>div.menu {
   margin-bottom: 20px;
}

div#content-main {
  width: 650px;
  float: left;
}

div#byline {
  clear: both;
  margin-bottom: 20px;
  color: #888;
  font-style: italic;
}

#byline span {
  color: black;
}

#content-menu {
  position: absolute;
  left: 0px;
  margin-left: 0px;
}

#content-menu ul {
  list-style: none;
}

#content-menu a {
  font-weight: normal;
}

li.weceem-menu-active {
  list-style: square;
}
  
</content>
    <createdBy class='java.lang.String'>unknown</createdBy>
    <createdOn class='java.sql.Timestamp'>Thu Aug 27 02:41:26 2009</createdOn>
    <language class='java.lang.String'>eng</language>
    <orderIndex class='java.lang.Integer'>1</orderIndex>
    <parent class='org.weceem.content.WcmFolder'>7126</parent>
    <publishFrom class='java.sql.Timestamp'>Wed Jun 23 03:42:00 2010</publishFrom>
    <status class='org.weceem.content.WcmStatus'>400</status>
    <title class='java.lang.String'>Default CSS</title>
    <validFor class='java.lang.Integer'>86400</validFor>
    <tags></tags>
  </org.weceem.css.WcmStyleSheet>
  <org.weceem.html.WcmHTMLContent>
    <id class='java.lang.Long'>7134</id>
    <aliasURI class='java.lang.String'>index</aliasURI>
    <allowGSP class='java.lang.Boolean'>true</allowGSP>
    <changedBy class='java.lang.String'>darrendavison</changedBy>
    <changedOn class='java.sql.Timestamp'>Sun Aug 14 04:57:16 2011</changedOn>
    <children class='org.hibernate.collection.PersistentSortedSet' />
    <content class='java.lang.String'>  &lt;div id="homemain"&gt;
    &lt;p&gt;
      Welcome to the home of our Football Club. Use the 
      menus at the top of the page for more information.
    &lt;/p&gt;
    
    &lt;h2&gt;Latest News and Events&lt;/h2&gt;
    ${node.absoluteURI}
    
  &lt;/div&gt;

  &lt;div id="newspanel"&gt;
    &lt;wcm:widget path="widgets/footy-teamlist"/&gt;    
  &lt;/div&gt;

</content>
    <createdBy class='java.lang.String'>unknown</createdBy>
    <createdOn class='java.sql.Timestamp'>Thu Aug 27 02:43:23 2009</createdOn>
    <language class='java.lang.String'>eng</language>
    <menuTitle class='java.lang.String'>Home</menuTitle>
    <orderIndex class='java.lang.Integer'>6</orderIndex>
    <publishFrom class='java.sql.Timestamp'>Wed Jun 23 03:42:00 2010</publishFrom>
    <status class='org.weceem.content.WcmStatus'>400</status>
    <template class='org.weceem.content.WcmTemplate'>7133</template>
    <title class='java.lang.String'>Welcome!</title>
    <validFor class='java.lang.Integer'>300</validFor>
    <tags></tags>
  </org.weceem.html.WcmHTMLContent>
  <org.weceem.html.WcmHTMLContent>
    <id class='java.lang.Long'>7116</id>
    <aliasURI class='java.lang.String'>About</aliasURI>
    <allowGSP class='java.lang.Boolean'>false</allowGSP>
    <changedBy class='java.lang.String'>darrendavison</changedBy>
    <changedOn class='java.sql.Timestamp'>Sun Aug 14 05:48:24 2011</changedOn>
    <children class='org.hibernate.collection.PersistentSortedSet'>
      <org.weceem.html.WcmHTMLContent>7175</org.weceem.html.WcmHTMLContent>
      <org.weceem.html.WcmHTMLContent>7188</org.weceem.html.WcmHTMLContent>
    </children>
    <content class='java.lang.String'>&lt;p&gt;
	This is the page that tells you all about the club.&lt;/p&gt;
</content>
    <createdBy class='java.lang.String'>sa</createdBy>
    <createdOn class='java.sql.Timestamp'>Sat Aug 06 12:22:30 2011</createdOn>
    <language class='java.lang.String'>eng</language>
    <orderIndex class='java.lang.Integer'>23</orderIndex>
    <publishFrom class='java.sql.Timestamp'>Sat Aug 06 12:23:00 2011</publishFrom>
    <status class='org.weceem.content.WcmStatus'>400</status>
    <template class='org.weceem.content.WcmTemplate'>7115</template>
    <title class='java.lang.String'>About</title>
    <validFor class='java.lang.Integer'>3600</validFor>
    <tags></tags>
  </org.weceem.html.WcmHTMLContent>
  <org.weceem.html.WcmHTMLContent>
    <id class='java.lang.Long'>7175</id>
    <aliasURI class='java.lang.String'>Getting-Here</aliasURI>
    <allowGSP class='java.lang.Boolean'>false</allowGSP>
    <changedBy class='java.lang.String'>darrendavison</changedBy>
    <changedOn class='java.sql.Timestamp'>Sun Aug 14 04:46:59 2011</changedOn>
    <children class='org.hibernate.collection.PersistentSortedSet' />
    <content class='java.lang.String'>&lt;p&gt;
	This is a sub page of the About page that tells you how to get to us.&lt;/p&gt;
</content>
    <createdBy class='java.lang.String'>darrendavison</createdBy>
    <createdOn class='java.sql.Timestamp'>Sun Aug 14 04:46:11 2011</createdOn>
    <language class='java.lang.String'>eng</language>
    <orderIndex class='java.lang.Integer'>0</orderIndex>
    <parent class='org.weceem.html.WcmHTMLContent'>7116</parent>
    <publishFrom class='java.sql.Timestamp'>Sun Aug 14 04:46:00 2011</publishFrom>
    <status class='org.weceem.content.WcmStatus'>400</status>
    <template class='org.weceem.content.WcmTemplate'>7115</template>
    <title class='java.lang.String'>Getting Here</title>
    <validFor class='java.lang.Integer'>3600</validFor>
    <tags></tags>
  </org.weceem.html.WcmHTMLContent>
  <org.weceem.content.WcmWidget>
    <id class='java.lang.Long'>7131</id>
    <aliasURI class='java.lang.String'>header</aliasURI>
    <changedBy class='java.lang.String'>darrendavison</changedBy>
    <changedOn class='java.sql.Timestamp'>Sun Aug 14 04:45:03 2011</changedOn>
    <children class='org.hibernate.collection.PersistentSortedSet' />
    <content class='java.lang.String'>    &lt;div id="content-menu"&gt;
      &lt;wcm:menu levels="2"/&gt;
    &lt;/div&gt;

    &lt;!-- Only show breadcrumb if the current node is a child --&gt;
    &lt;g:if test="${node.parent}"&gt;
    &lt;div id="content-breadcrumb"&gt;
      &lt;!-- Use the breadcrumb tag to render links to all parents --&gt;
      &lt;wcm:link path="index"&gt;Home&lt;/wcm:link&gt; &amp;gt; &lt;wcm:breadcrumb/&gt;
    &lt;/div&gt;
    &lt;/g:if&gt;
  </content>
    <createdBy class='java.lang.String'>unknown</createdBy>
    <createdOn class='java.sql.Timestamp'>Tue Sep 22 01:38:15 2009</createdOn>
    <language class='java.lang.String'>eng</language>
    <orderIndex class='java.lang.Integer'>3</orderIndex>
    <parent class='org.weceem.content.WcmFolder'>7119</parent>
    <publishFrom class='java.sql.Timestamp'>Wed Jun 23 03:42:00 2010</publishFrom>
    <status class='org.weceem.content.WcmStatus'>400</status>
    <title class='java.lang.String'>Common header</title>
    <validFor class='java.lang.Integer'>86400</validFor>
    <tags></tags>
  </org.weceem.content.WcmWidget>
  <org.weceem.content.WcmWidget>
    <id class='java.lang.Long'>7145</id>
    <aliasURI class='java.lang.String'>common-head</aliasURI>
    <changedBy class='java.lang.String'>darrendavison</changedBy>
    <changedOn class='java.sql.Timestamp'>Sun Aug 14 05:26:47 2011</changedOn>
    <children class='org.hibernate.collection.PersistentSortedSet' />
    <content class='java.lang.String'>&lt;!-- Render the page title --&gt;
&lt;title&gt;${node.titleForHTML.encodeAsHTML()}&lt;/title&gt;
&lt;!-- Render the links to CSS (workaround, see http://jira.jcatalog.com/browse/WCM-729 --&gt;
&lt;link type="text/css" rel="stylesheet" href="${wcm.createLink(path:'css/default.css')}"/&gt;
</content>
    <createdBy class='java.lang.String'>unknown</createdBy>
    <createdOn class='java.sql.Timestamp'>Tue Sep 22 01:32:35 2009</createdOn>
    <language class='java.lang.String'>eng</language>
    <orderIndex class='java.lang.Integer'>2</orderIndex>
    <parent class='org.weceem.content.WcmFolder'>7119</parent>
    <publishFrom class='java.sql.Timestamp'>Wed Jun 23 03:42:00 2010</publishFrom>
    <status class='org.weceem.content.WcmStatus'>400</status>
    <title class='java.lang.String'>Common HEAD section</title>
    <validFor class='java.lang.Integer'>86400</validFor>
    <tags></tags>
  </org.weceem.content.WcmWidget>
  <org.weceem.html.WcmHTMLContent>
    <id class='java.lang.Long'>7188</id>
    <aliasURI class='java.lang.String'>History</aliasURI>
    <allowGSP class='java.lang.Boolean'>false</allowGSP>
    <changedBy class='java.lang.String'>darrendavison</changedBy>
    <changedOn class='java.sql.Timestamp'>Sun Aug 14 05:49:32 2011</changedOn>
    <children class='org.hibernate.collection.PersistentSortedSet' />
    <content class='java.lang.String'>&lt;p&gt;
	This is a page with the history of the club&lt;/p&gt;
</content>
    <createdBy class='java.lang.String'>darrendavison</createdBy>
    <createdOn class='java.sql.Timestamp'>Sun Aug 14 05:48:23 2011</createdOn>
    <language class='java.lang.String'>eng</language>
    <orderIndex class='java.lang.Integer'>1</orderIndex>
    <parent class='org.weceem.html.WcmHTMLContent'>7116</parent>
    <publishFrom class='java.sql.Timestamp'>Sun Aug 14 05:49:32 2011</publishFrom>
    <status class='org.weceem.content.WcmStatus'>400</status>
    <title class='java.lang.String'>History</title>
    <validFor class='java.lang.Integer'>3600</validFor>
    <tags></tags>
  </org.weceem.html.WcmHTMLContent>
</content>